<?xml version="1.0"?>


<beans xmlns="http://www.springframework.org/schema/beans"
	xmlns:context="http://www.springframework.org/schema/context"
	xmlns:xsi="http://www.w3.org/2001/XMLSchema-instance"
	xsi:schemaLocation="http://www.springframework.org/schema/beans
		http://www.springframework.org/schema/beans/spring-beans.xsd
		http://www.springframework.org/schema/context
		http://www.springframework.org/schema/context/spring-context.xsd">

	<bean name="dbcp,dataSource" class="org.apache.commons.dbcp2.BasicDataSource">
		<property name="driverClassName" value="org.h2.Driver"></property>
		<property name="url"
			value="jdbc:h2:tcp://localhost/~/slk_training_2018_12"></property>
		<property name="username" value="sa"></property>
		<property name="password" value=""></property>
	</bean>
	
	
	<bean name="jdbc" class="com.slk.training.dao.ProductDaoJdbcImpl" lazy-init="true">
	<!-- injecting another bean (in a container ) to this bean is called
	"wiring" .This can be done using "manual" or "auto"matically -->
		<!-- <property name="dataSource" ref="dbcp"/> -->
		<constructor-arg ref="dbcp"></constructor-arg>
	</bean>
	
	<bean name="jdbc_1" autowire="byName" class="com.slk.training.dao.ProductDaoJdbcImpl" lazy-init="true">
	</bean>
</beans>